[{"_id":"a-m1-05","_parentId":"co-05","_type":"article","_classes":"","title":"a-05","displayTitle":"","body":""},{"_id":"a-m1-10","_parentId":"co-05","_type":"article","_classes":"","title":"a-05","displayTitle":"","body":""},{"_id":"a-m1-15","_parentId":"co-05","_type":"article","_classes":"","title":"a-05","displayTitle":"","body":""},{"_id":"a-m2-05","_parentId":"co-10","_type":"article","_classes":"","title":"a-05","displayTitle":"","body":""},{"_id":"a-m2-05-2","_parentId":"co-10","_type":"article","_classes":"","title":"a-05","displayTitle":"","body":""},{"_id":"a-m3-05","_parentId":"co-15","_type":"article","_classes":"","title":"a-05","displayTitle":"","body":""},{"_id":"a-m4-05","_parentId":"co-25","_type":"article","_classes":"for-marking","title":"a-05","displayTitle":"","body":"","_assessment":{"_isEnabled":true,"_id":"a-30","_banks":{"_isEnabled":false,"_split":"2,1","_randomisation":false},"_randomisation":{"_isEnabled":false,"_blockCount":1},"_questions":{"_resetType":"hard","_canShowFeedback":false,"_canShowMarking":true,"_canShowModelAnswer":false},"_suppressMarking":false,"_isPercentageBased":true,"_scoreToPass":80,"_includeInTotalScore":true,"_assessmentWeight":1,"_isResetOnRevisit":false,"_allowResetIfPassed":false,"_attempts":2}}]