[{"_id":"b-m1-00","_parentId":"a-m1-05","_type":"block","_classes":"background-intro-1","title":"b-05","displayTitle":"","body":"","_trackingId":0,"_trickle":{"_isEnabled":true,"_autoScroll":true,"_scrollDuration":500,"_onChildren":true,"_scrollTo":"@block +1","_button":{"_isEnabled":true,"_styleBeforeCompletion":"hidden|visible","_styleAfterClick":"hidden|disabled|scroll","_isFullWidth":true,"_autoHide":true,"_className":"|trickle-round-arrow","text":"","startText":"","finalText":"","_component":"trickle-button"},"_stepLocking":{"_isEnabled":true,"_isCompletionRequired":true,"_isLockedOnRevisit":false}}},{"_id":"b-m1-03","_parentId":"a-m1-10","_type":"block","_classes":"preparing-training","title":"b-05","displayTitle":"","body":"","_trackingId":1,"_trickle":{"_isEnabled":true,"_autoScroll":true,"_scrollDuration":500,"_onChildren":true,"_scrollTo":"@block +1","_button":{"_isEnabled":true,"_styleBeforeCompletion":"hidden|visible","_styleAfterClick":"hidden|disabled|scroll","_isFullWidth":true,"_autoHide":true,"_className":"|trickle-round-arrow","text":"","startText":"","finalText":"","_component":"trickle-button"},"_stepLocking":{"_isEnabled":true,"_isCompletionRequired":true,"_isLockedOnRevisit":false}}},{"_id":"b-m1-03-01","_parentId":"a-m1-10","_type":"block","_classes":"background-header","title":"b-05","displayTitle":"","body":"","_trackingId":3},{"_id":"b-m1-04","_parentId":"a-m1-10","_type":"block","_classes":"understand_different","title":"b-05","displayTitle":"Understand Different Learning Styles","body":"","_trackingId":4},{"_id":"b-m1-10","_parentId":"a-m1-10","_type":"block","_classes":"trainer_mcq","title":"b-05","displayTitle":"","body":"","_trackingId":5},{"_id":"b-m1-15","_parentId":"a-m1-10","_type":"block","_classes":"","title":"b-05","displayTitle":"","_trackingId":6,"_trickle":{"_isEnabled":true,"_autoScroll":true,"_scrollDuration":500,"_onChildren":true,"_scrollTo":"@block +1","_button":{"_isEnabled":true,"_styleBeforeCompletion":"hidden|visible","_styleAfterClick":"hidden|disabled|scroll","_isFullWidth":true,"_autoHide":true,"_className":"|trickle-round-arrow","text":"","startText":"","finalText":"","_component":"trickle-button"},"_stepLocking":{"_isEnabled":true,"_isCompletionRequired":true,"_isLockedOnRevisit":false}}},{"_id":"b-m1-20","_parentId":"a-m1-10","_type":"block","_classes":"learning-style","title":"b-05","displayTitle":"","body":"","_trackingId":7,"_trickle":{"_isEnabled":true,"_autoScroll":true,"_scrollDuration":500,"_onChildren":true,"_scrollTo":"@block +1","_button":{"_isEnabled":true,"_styleBeforeCompletion":"hidden|visible","_styleAfterClick":"hidden|disabled|scroll","_isFullWidth":true,"_autoHide":true,"_className":"|trickle-round-arrow","text":"","startText":"","finalText":"","_component":"trickle-button"},"_stepLocking":{"_isEnabled":true,"_isCompletionRequired":true,"_isLockedOnRevisit":false}}},{"_id":"b-m1-25","_parentId":"a-m1-10","_type":"block","_classes":"vak_model","title":"b-05","displayTitle":"","body":"","_trackingId":8,"_trickle":{"_isEnabled":true,"_autoScroll":true,"_scrollDuration":500,"_onChildren":true,"_scrollTo":"@block +1","_button":{"_isEnabled":false,"_styleBeforeCompletion":"hidden|visible","_styleAfterClick":"hidden|disabled|scroll","_isFullWidth":true,"_autoHide":true,"_className":"|trickle-round-arrow","text":"","startText":"","finalText":"","_component":"trickle-button"},"_stepLocking":{"_isEnabled":true,"_isCompletionRequired":true,"_isLockedOnRevisit":false}}},{"_id":"b-m1-30","_parentId":"a-m1-10","_type":"block","_classes":"","title":"b-05","displayTitle":"","body":"","_trackingId":9,"_trickle":{"_isEnabled":true,"_autoScroll":true,"_scrollDuration":500,"_onChildren":true,"_scrollTo":"@block +1","_button":{"_isEnabled":true,"_styleBeforeCompletion":"hidden|visible","_styleAfterClick":"hidden|disabled|scroll","_isFullWidth":true,"_autoHide":true,"_className":"|trickle-round-arrow","text":"","startText":"","finalText":"","_component":"trickle-button"},"_stepLocking":{"_isEnabled":true,"_isCompletionRequired":true,"_isLockedOnRevisit":false}}},{"_id":"b-m1-31","_parentId":"a-m1-10","_type":"block","_classes":"self-quiz","title":"b-05","displayTitle":"","body":"","_trackingId":10,"_trickle":{"_isEnabled":true,"_autoScroll":true,"_scrollDuration":500,"_onChildren":true,"_scrollTo":"@block +1","_button":{"_isEnabled":true,"_styleBeforeCompletion":"hidden|visible","_styleAfterClick":"hidden|disabled|scroll","_isFullWidth":true,"_autoHide":true,"_className":"|trickle-round-arrow","text":"","startText":"","finalText":"","_component":"trickle-button"},"_stepLocking":{"_isEnabled":true,"_isCompletionRequired":true,"_isLockedOnRevisit":false}}},{"_id":"b-m1-32","_parentId":"a-m1-10","_type":"block","_classes":"","title":"b-05","displayTitle":"","body":"","_trackingId":11,"_trickle":{"_isEnabled":true,"_autoScroll":true,"_scrollDuration":500,"_onChildren":true,"_scrollTo":"@block +1","_button":{"_isEnabled":true,"_styleBeforeCompletion":"hidden|visible","_styleAfterClick":"hidden|disabled|scroll","_isFullWidth":true,"_autoHide":true,"_className":"|trickle-round-arrow","text":"","startText":"","finalText":"","_component":"trickle-button"},"_stepLocking":{"_isEnabled":true,"_isCompletionRequired":true,"_isLockedOnRevisit":false}}},{"_id":"b-m1-33","_parentId":"a-m1-10","_type":"block","_classes":"","title":"b-05","displayTitle":"","body":"","_trackingId":12},{"_id":"b-m1-34","_parentId":"a-m1-10","_type":"block","_classes":"introvert-extrovert","title":"b-05","displayTitle":"","body":"","_trackingId":13,"_trickle":{"_isEnabled":true,"_autoScroll":true,"_scrollDuration":500,"_onChildren":true,"_scrollTo":"@block +1","_button":{"_isEnabled":true,"_styleBeforeCompletion":"hidden|visible","_styleAfterClick":"hidden|disabled|scroll","_isFullWidth":true,"_autoHide":true,"_className":"|trickle-round-arrow","text":"","startText":"","finalText":"","_component":"trickle-button"},"_stepLocking":{"_isEnabled":true,"_isCompletionRequired":true,"_isLockedOnRevisit":false}}},{"_id":"b-m1-35","_parentId":"a-m1-10","_type":"block","_classes":"","title":"b-05","displayTitle":"","body":"","_trackingId":14,"_trickle":{"_isEnabled":true,"_autoScroll":true,"_scrollDuration":500,"_onChildren":true,"_scrollTo":"@block +1","_button":{"_isEnabled":true,"_styleBeforeCompletion":"hidden|visible","_styleAfterClick":"hidden|disabled|scroll","_isFullWidth":true,"_autoHide":true,"_className":"|trickle-round-arrow","text":"","startText":"","finalText":"","_component":"trickle-button"},"_stepLocking":{"_isEnabled":true,"_isCompletionRequired":true,"_isLockedOnRevisit":false}}},{"_id":"b-m1-36","_parentId":"a-m1-10","_type":"block","_classes":"perception","title":"b-05","displayTitle":"What’s your Perception?","body":"","_trackingId":136,"_trickle":{"_isEnabled":true,"_autoScroll":true,"_scrollDuration":500,"_onChildren":true,"_scrollTo":"@block +1","_button":{"_isEnabled":true,"_styleBeforeCompletion":"hidden|visible","_styleAfterClick":"hidden|disabled|scroll","_isFullWidth":true,"_autoHide":true,"_className":"|trickle-round-arrow","text":"","startText":"","finalText":"","_component":"trickle-button"},"_stepLocking":{"_isEnabled":true,"_isCompletionRequired":true,"_isLockedOnRevisit":false}}},{"_id":"b-m1-37","_parentId":"a-m1-10","_type":"block","_classes":"introvert-extrovert","title":"b-05","displayTitle":"Introvert vs Extrovert: The Perception","body":"Below are the positive and negative perceptions of introvert and extrovert learners.","_trackingId":16},{"_id":"b-m1-38","_parentId":"a-m1-10","_type":"block","_classes":"learning-style-1","title":"b-05","displayTitle":"","body":"","_trackingId":17},{"_id":"b-m1-44","_parentId":"a-m1-10","_type":"block","_classes":"background-header-1","title":"b-05","displayTitle":"","body":"","_trackingId":18},{"_id":"b-m1-45","_parentId":"a-m1-15","_type":"block","_classes":"offline-act1","title":"b-05","displayTitle":"","body":"","_trackingId":19},{"_id":"b-m1-50","_parentId":"a-m1-15","_type":"block","_classes":"","title":"b-05","displayTitle":"","body":"","_trackingId":20},{"_id":"b-m2-05","_parentId":"a-m2-05","_type":"block","_classes":"icebreaker","title":"b-05","displayTitle":"","body":"","_trackingId":21,"_trickle":{"_isEnabled":true,"_autoScroll":true,"_scrollDuration":500,"_onChildren":true,"_scrollTo":"@block +1","_button":{"_isEnabled":true,"_styleBeforeCompletion":"hidden|visible","_styleAfterClick":"hidden|disabled|scroll","_isFullWidth":true,"_autoHide":true,"_className":"|trickle-round-arrow","text":"","startText":"","finalText":"","_component":"trickle-button"},"_stepLocking":{"_isEnabled":true,"_isCompletionRequired":true,"_isLockedOnRevisit":false}}},{"_id":"b-m2-10","_parentId":"a-m2-05","_type":"block","_classes":"","title":"b-05","displayTitle":"","body":"","_trackingId":23,"_trickle":{"_isEnabled":true,"_autoScroll":true,"_scrollDuration":500,"_onChildren":true,"_scrollTo":"@block +1","_button":{"_isEnabled":true,"_styleBeforeCompletion":"hidden|visible","_styleAfterClick":"hidden|disabled|scroll","_isFullWidth":true,"_autoHide":true,"_className":"|trickle-round-arrow","text":"","startText":"","finalText":"","_component":"trickle-button"},"_stepLocking":{"_isEnabled":true,"_isCompletionRequired":true,"_isLockedOnRevisit":false}}},{"_id":"b-m2-15","_parentId":"a-m2-05","_type":"block","_classes":"icebreaker-learn","title":"b-05","displayTitle":"","body":"","_trackingId":24},{"_id":"b-m2-20","_parentId":"a-m2-05","_type":"block","_classes":"expose-style","title":"b-05","displayTitle":"What is an icebreaker?","body":"","_trackingId":25},{"_id":"b-m2-25","_parentId":"a-m2-05","_type":"block","_classes":"","title":"","displayTitle":"","body":"","_trackingId":26,"_trickle":{"_isEnabled":true,"_autoScroll":true,"_scrollDuration":500,"_onChildren":true,"_scrollTo":"@block +1","_button":{"_isEnabled":true,"_styleBeforeCompletion":"hidden|visible","_styleAfterClick":"hidden|disabled|scroll","_isFullWidth":true,"_autoHide":true,"_className":"|trickle-round-arrow","text":"","startText":"","finalText":"","_component":"trickle-button"},"_stepLocking":{"_isEnabled":true,"_isCompletionRequired":true,"_isLockedOnRevisit":false}}},{"_id":"b-m2-40","_parentId":"a-m2-05","_type":"block","_classes":"narrative-bg-12","title":"","displayTitle":"","body":"","_trackingId":27,"_trickle":{"_isEnabled":true,"_autoScroll":true,"_scrollDuration":500,"_onChildren":true,"_scrollTo":"@block +1","_button":{"_isEnabled":true,"_styleBeforeCompletion":"hidden|visible","_styleAfterClick":"hidden|disabled|scroll","_isFullWidth":true,"_autoHide":true,"_className":"|trickle-round-arrow","text":"","startText":"","finalText":"","_component":"trickle-button"},"_stepLocking":{"_isEnabled":true,"_isCompletionRequired":true,"_isLockedOnRevisit":false}}},{"_id":"b-m2-60","_parentId":"a-m2-05-2","_type":"block","_classes":" ","title":"b-05","displayTitle":"","body":"","_trackingId":28,"_trickle":{"_isEnabled":true,"_autoScroll":true,"_scrollDuration":500,"_onChildren":true,"_scrollTo":"@block +1","_button":{"_isEnabled":true,"_styleBeforeCompletion":"hidden|visible","_styleAfterClick":"hidden|disabled|scroll","_isFullWidth":true,"_autoHide":true,"_className":"|trickle-round-arrow","text":"","startText":"","finalText":"","_component":"trickle-button"},"_stepLocking":{"_isEnabled":true,"_isCompletionRequired":true,"_isLockedOnRevisit":false}}},{"_id":"b-m2-60-01","_parentId":"a-m2-05-2","_type":"block","_classes":" ","title":"b-05","displayTitle":"When to Use an Icebreaker","body":"","_trackingId":29},{"_id":"b-m2-60-02","_parentId":"a-m2-05-2","_type":"block","_classes":" ","title":"b-05","displayTitle":"","body":"","_trackingId":30},{"_id":"b-m2-65","_parentId":"a-m2-05-2","_type":"block","_classes":"background-header-1","title":"b-05","displayTitle":"","body":"","_trackingId":31},{"_id":"b-m2-70","_parentId":"a-m2-05-2","_type":"block","_classes":"offline-act1","title":"b-05","displayTitle":"","body":"","_trackingId":32},{"_id":"b-m2-75","_parentId":"a-m2-05-2","_type":"block","_classes":"menu-page","title":"b-05","displayTitle":"","body":"","_trackingId":33},{"_id":"b-m3-05","_parentId":"a-m3-05","_type":"block","_classes":"control-01","title":"b-05","displayTitle":"","body":"","_trackingId":34,"_trickle":{"_isEnabled":true,"_autoScroll":true,"_scrollDuration":500,"_onChildren":true,"_scrollTo":"@block +1","_button":{"_isEnabled":true,"_styleBeforeCompletion":"hidden|visible","_styleAfterClick":"hidden|disabled|scroll","_isFullWidth":true,"_autoHide":true,"_className":"|trickle-round-arrow","text":"","startText":"","finalText":"","_component":"trickle-button"},"_stepLocking":{"_isEnabled":true,"_isCompletionRequired":true,"_isLockedOnRevisit":false}}},{"_id":"b-m3-10","_parentId":"a-m3-05","_type":"block","_classes":"","title":"b-05","displayTitle":"","body":"","_trackingId":35,"_trickle":{"_isEnabled":true,"_autoScroll":true,"_scrollDuration":500,"_onChildren":true,"_scrollTo":"@block +1","_button":{"_isEnabled":true,"_styleBeforeCompletion":"hidden|visible","_styleAfterClick":"hidden|disabled|scroll","_isFullWidth":true,"_autoHide":true,"_className":"|trickle-round-arrow","text":"","startText":"","finalText":"","_component":"trickle-button"},"_stepLocking":{"_isEnabled":true,"_isCompletionRequired":true,"_isLockedOnRevisit":false}}},{"_id":"b-m3-15","_parentId":"a-m3-05","_type":"block","_classes":"learn-obj","title":"b-05","displayTitle":"","body":"","_trackingId":36},{"_id":"b-m3-20-01","_parentId":"a-m3-05","_type":"block","_classes":"","title":"b-05","displayTitle":"Understanding Moods and Emotions","body":"","_trackingId":37},{"_id":"b-m3-25","_parentId":"a-m3-05","_type":"block","_classes":"emotions","title":"b-05","displayTitle":"","body":"","_trackingId":38,"_trickle":{"_isEnabled":true,"_autoScroll":true,"_scrollDuration":500,"_onChildren":true,"_scrollTo":"@block +1","_button":{"_isEnabled":true,"_styleBeforeCompletion":"hidden|visible","_styleAfterClick":"hidden|disabled|scroll","_isFullWidth":true,"_autoHide":true,"_className":"|trickle-round-arrow","text":"","startText":"","finalText":"","_component":"trickle-button"},"_stepLocking":{"_isEnabled":true,"_isCompletionRequired":true,"_isLockedOnRevisit":false}}},{"_id":"b-m3-30","_parentId":"a-m3-05","_type":"block","_classes":"situation-handle","title":"b-05","displayTitle":"","body":"","_trackingId":39,"_trickle":{"_isEnabled":true,"_autoScroll":true,"_scrollDuration":500,"_onChildren":true,"_scrollTo":"@block +1","_button":{"_isEnabled":true,"_styleBeforeCompletion":"hidden|visible","_styleAfterClick":"hidden|disabled|scroll","_isFullWidth":true,"_autoHide":true,"_className":"|trickle-round-arrow","text":"","startText":"","finalText":"","_component":"trickle-button"},"_stepLocking":{"_isEnabled":true,"_isCompletionRequired":true,"_isLockedOnRevisit":false}}},{"_id":"b-m3-35","_parentId":"a-m3-05","_type":"block","_classes":"","title":"b-05","displayTitle":"","body":"","_trackingId":40,"_trickle":{"_isEnabled":true,"_autoScroll":true,"_scrollDuration":500,"_onChildren":true,"_scrollTo":"@block +1","_button":{"_isEnabled":true,"_styleBeforeCompletion":"hidden|visible","_styleAfterClick":"hidden|disabled|scroll","_isFullWidth":true,"_autoHide":true,"_className":"|trickle-round-arrow","text":"","startText":"","finalText":"","_component":"trickle-button"},"_stepLocking":{"_isEnabled":true,"_isCompletionRequired":true,"_isLockedOnRevisit":false}}},{"_id":"b-m3-40","_parentId":"a-m3-05","_type":"block","_classes":"","title":"b-05","displayTitle":"","body":"","_trackingId":41,"_trickle":{"_isEnabled":true,"_autoScroll":true,"_scrollDuration":500,"_onChildren":true,"_scrollTo":"@block +1","_button":{"_isEnabled":true,"_styleBeforeCompletion":"hidden|visible","_styleAfterClick":"hidden|disabled|scroll","_isFullWidth":true,"_autoHide":true,"_className":"|trickle-round-arrow","text":"","startText":"","finalText":"","_component":"trickle-button"},"_stepLocking":{"_isEnabled":true,"_isCompletionRequired":true,"_isLockedOnRevisit":false}}},{"_id":"b-m3-40-01","_parentId":"a-m3-05","_type":"block","_classes":"","title":"b-05","displayTitle":"","body":"","_trackingId":42},{"_id":"b-m3-40-02","_parentId":"a-m3-05","_type":"block","_classes":"sense-checking","title":"b-05","displayTitle":"","body":"","_trackingId":43,"_trickle":{"_isEnabled":true,"_autoScroll":true,"_scrollDuration":500,"_onChildren":true,"_scrollTo":"@block +1","_button":{"_isEnabled":true,"_styleBeforeCompletion":"hidden|visible","_styleAfterClick":"hidden|disabled|scroll","_isFullWidth":true,"_autoHide":true,"_className":"|trickle-round-arrow","text":"","startText":"","finalText":"","_component":"trickle-button"},"_stepLocking":{"_isEnabled":true,"_isCompletionRequired":true,"_isLockedOnRevisit":false}}},{"_id":"b-m3-45","_parentId":"a-m3-05","_type":"block","_classes":"background-header-1","title":"b-05","displayTitle":"","body":"","_trackingId":44},{"_id":"b-m3-50","_parentId":"a-m3-05","_type":"block","_classes":"offline-act1","title":"b-05","displayTitle":"","body":"","_trackingId":45},{"_id":"b-m3-55","_parentId":"a-m3-05","_type":"block","_classes":"menu-page","title":"b-05","displayTitle":"","body":"","_trackingId":46},{"_id":"b-m4-05","_parentId":"a-m4-05","_type":"block","_classes":"questions","title":"b-05","displayTitle":"","body":"","_trackingId":47},{"_id":"b-m4-10","_parentId":"a-m4-05","_type":"block","_classes":"bg_assessment","title":"b-05","displayTitle":"","body":"","_trackingId":48,"_trickle":{"_isEnabled":true,"_autoScroll":true,"_scrollDuration":500,"_onChildren":true,"_scrollTo":"@block +1","_button":{"_isEnabled":false,"_styleBeforeCompletion":"hidden|visible","_styleAfterClick":"hidden|disabled|scroll","_isFullWidth":true,"_autoHide":true,"_className":"|trickle-round-arrow","text":"","startText":"","finalText":"","_component":"trickle-button"},"_stepLocking":{"_isEnabled":true,"_isCompletionRequired":true,"_isLockedOnRevisit":false}}},{"_id":"b-m4-15","_parentId":"a-m4-05","_type":"block","_classes":"","title":"b-05","displayTitle":"","body":"","_trackingId":49,"_trickle":{"_isEnabled":true,"_autoScroll":true,"_scrollDuration":500,"_onChildren":true,"_scrollTo":"@block +1","_button":{"_isEnabled":false,"_styleBeforeCompletion":"hidden|visible","_styleAfterClick":"hidden|disabled|scroll","_isFullWidth":true,"_autoHide":true,"_className":"|trickle-round-arrow","text":"","startText":"","finalText":"","_component":"trickle-button"},"_stepLocking":{"_isEnabled":true,"_isCompletionRequired":true,"_isLockedOnRevisit":false}}},{"_id":"b-m4-20","_parentId":"a-m4-05","_type":"block","_classes":"bg_assessment","title":"b-05","displayTitle":"","body":"","_trackingId":50,"_trickle":{"_isEnabled":true,"_autoScroll":true,"_scrollDuration":500,"_onChildren":true,"_scrollTo":"@block +1","_button":{"_isEnabled":false,"_styleBeforeCompletion":"hidden|visible","_styleAfterClick":"hidden|disabled|scroll","_isFullWidth":true,"_autoHide":true,"_className":"|trickle-round-arrow","text":"","startText":"","finalText":"","_component":"trickle-button"},"_stepLocking":{"_isEnabled":true,"_isCompletionRequired":true,"_isLockedOnRevisit":false}}},{"_id":"b-m4-25","_parentId":"a-m4-05","_type":"block","_classes":"","title":"b-05","displayTitle":"","body":"","_trackingId":51,"_trickle":{"_isEnabled":true,"_autoScroll":true,"_scrollDuration":500,"_onChildren":true,"_scrollTo":"@block +1","_button":{"_isEnabled":false,"_styleBeforeCompletion":"hidden|visible","_styleAfterClick":"hidden|disabled|scroll","_isFullWidth":true,"_autoHide":true,"_className":"|trickle-round-arrow","text":"","startText":"","finalText":"","_component":"trickle-button"},"_stepLocking":{"_isEnabled":true,"_isCompletionRequired":true,"_isLockedOnRevisit":false}}},{"_id":"b-m4-30","_parentId":"a-m4-05","_type":"block","_classes":"bg_assessment bg-txt","title":"b-05","displayTitle":"","body":"","_trackingId":52,"_trickle":{"_isEnabled":true,"_autoScroll":true,"_scrollDuration":500,"_onChildren":true,"_scrollTo":"@block +1","_button":{"_isEnabled":false,"_styleBeforeCompletion":"hidden|visible","_styleAfterClick":"hidden|disabled|scroll","_isFullWidth":true,"_autoHide":true,"_className":"|trickle-round-arrow","text":"","startText":"","finalText":"","_component":"trickle-button"},"_stepLocking":{"_isEnabled":true,"_isCompletionRequired":true,"_isLockedOnRevisit":false}}},{"_id":"b-m4-35","_parentId":"a-m4-05","_type":"block","_classes":"","title":"b-05","displayTitle":"","body":"","_trackingId":53,"_trickle":{"_isEnabled":true,"_autoScroll":true,"_scrollDuration":500,"_onChildren":true,"_scrollTo":"@block +1","_button":{"_isEnabled":false,"_styleBeforeCompletion":"hidden|visible","_styleAfterClick":"hidden|disabled|scroll","_isFullWidth":true,"_autoHide":true,"_className":"|trickle-round-arrow","text":"","startText":"","finalText":"","_component":"trickle-button"},"_stepLocking":{"_isEnabled":true,"_isCompletionRequired":true,"_isLockedOnRevisit":false}}},{"_id":"b-m4-40","_parentId":"a-m4-05","_type":"block","_classes":"bg_assessment","title":"b-05","displayTitle":"","body":"","_trackingId":54,"_trickle":{"_isEnabled":true,"_autoScroll":true,"_scrollDuration":500,"_onChildren":true,"_scrollTo":"@block +1","_button":{"_isEnabled":false,"_styleBeforeCompletion":"hidden|visible","_styleAfterClick":"hidden|disabled|scroll","_isFullWidth":true,"_autoHide":true,"_className":"|trickle-round-arrow","text":"","startText":"","finalText":"","_component":"trickle-button"},"_stepLocking":{"_isEnabled":true,"_isCompletionRequired":true,"_isLockedOnRevisit":false}}},{"_id":"b-m4-45","_parentId":"a-m4-05","_type":"block","_classes":"","title":"b-05","displayTitle":"","body":"","_trackingId":55,"_trickle":{"_isEnabled":true,"_autoScroll":true,"_scrollDuration":500,"_onChildren":true,"_scrollTo":"@block +1","_button":{"_isEnabled":false,"_styleBeforeCompletion":"hidden|visible","_styleAfterClick":"hidden|disabled|scroll","_isFullWidth":true,"_autoHide":true,"_className":"|trickle-round-arrow","text":"","startText":"","finalText":"","_component":"trickle-button"},"_stepLocking":{"_isEnabled":true,"_isCompletionRequired":true,"_isLockedOnRevisit":false}}},{"_id":"b-m4-50","_parentId":"a-m4-05","_type":"block","_classes":"bg_assessment","title":"b-05","displayTitle":"","body":"","_trackingId":56,"_trickle":{"_isEnabled":true,"_autoScroll":true,"_scrollDuration":500,"_onChildren":true,"_scrollTo":"@block +1","_button":{"_isEnabled":false,"_styleBeforeCompletion":"hidden|visible","_styleAfterClick":"hidden|disabled|scroll","_isFullWidth":true,"_autoHide":true,"_className":"|trickle-round-arrow","text":"","startText":"","finalText":"","_component":"trickle-button"},"_stepLocking":{"_isEnabled":true,"_isCompletionRequired":true,"_isLockedOnRevisit":false}}},{"_id":"b-m4-55","_parentId":"a-m4-05","_type":"block","_classes":"","title":"b-05","displayTitle":"","body":"","_trackingId":57,"_trickle":{"_isEnabled":true,"_autoScroll":true,"_scrollDuration":500,"_onChildren":true,"_scrollTo":"@block +1","_button":{"_isEnabled":false,"_styleBeforeCompletion":"hidden|visible","_styleAfterClick":"hidden|disabled|scroll","_isFullWidth":true,"_autoHide":true,"_className":"|trickle-round-arrow","text":"","startText":"","finalText":"","_component":"trickle-button"},"_stepLocking":{"_isEnabled":true,"_isCompletionRequired":true,"_isLockedOnRevisit":false}}},{"_id":"b-m4-60","_parentId":"a-m4-05","_type":"block","_classes":"bg_assessment-01","title":"b-05","displayTitle":"","body":"","_trackingId":58,"_trickle":{"_isEnabled":true,"_autoScroll":true,"_scrollDuration":500,"_onChildren":true,"_scrollTo":"@block +1","_button":{"_isEnabled":false,"_styleBeforeCompletion":"hidden|visible","_styleAfterClick":"hidden|disabled|scroll","_isFullWidth":true,"_autoHide":true,"_className":"|trickle-round-arrow","text":"","startText":"","finalText":"","_component":"trickle-button"},"_stepLocking":{"_isEnabled":true,"_isCompletionRequired":true,"_isLockedOnRevisit":false}}}]