{"_globals":{"_components":{"_adapt-clickAndLearn-horizontal":{"ariaRegion":"This component is a click and learn type of component where we have few clickable cards, after clicking on one of those card they reveal text associated with them."},"_accordion":{"ariaRegion":"This component is an accordion comprised of collapsible content panels containing display text. Select the item titles to toggle the visibility of these content panels."},"_analysis":{"ariaRegion":"This component is a multiple choice question. Once you have selected an option select the submit button below"},"_clickAndLearn":{"ariaRegion":"This component is a click and learn type of component where we have few clickable cards, after clicking on one of those card they reveal text associated with them."},"_flipcard":{"ariaRegion":"This component is a flipcard comprised of flippable cards containing display image. Select the front face image to flip to the back face of these card to display associated text."},"_gmcq":{"ariaRegion":"This component is a graphical multiple choice question. Once you have selected an option select the submit button below."},"_graphic":{"ariaRegion":""},"_hotgraphic":{"ariaRegion":"Below is a component which allows you to select hot spots over an image. Select a hot spot to trigger a popup that includes an image with display text. Select the close button to close the popup.","ariaPopupLabel":"Hotgraphic popup","ariaPinLabel":"Selectable pin ","popupPagination":"{{itemNumber}} / {{totalItems}}","ariaPoupupLabel":"Hotgraphic popup"},"_matching":{"ariaRegion":"This question component requires you to select the matching answer from a drop down list below. When you have selected your answers select the submit button."},"_mcq":{"ariaRegion":"This component is a multiple choice question. Once you have selected an option select the submit button below"},"_media":{"ariaRegion":"This is a media component which plays a video. Select the play / pause button to watch or listen.","transcriptButton":"Alternatively you can select the link below for the transcript."},"_narrative":{"ariaRegion":"This component displays an image gallery with accompanying text. Use the next and back navigation controls to work through the narrative."},"_objectMatching":{"ariaRegion":"This question component requires you to select the matching option. When you have selected your answers select the submit button."},"_reveal":{"ariaLabel":"Reveal toggle button."},"_slider":{"ariaRegion":"This component requires you to answer the question by selecting the relevant value. After selecting a value select the submit button below."},"_text":{"ariaRegion":""},"_textinput":{"ariaRegion":"This question component requires you to input your answer in the textbox provided. When you have answered the question select the submit button below."},"_expose":{"ariaRegion":""},"_objectMachingNumber":{"ariaRegion":"This component is a basic object matching question component. Once you have matched all the items then select the submit button below"},"_questionSlider":{"ariaRegion":"Enter a good description here to be read out by screen readers"},"_questionSliderDropDown":{"ariaRegion":"Enter a good description here to be read out by screen readers"},"_sentenceOrdering":{"ariaRegion":"This is a sentence ordering question component."},"_stacklist":{"ariaRegion":"This stacklist component presents a list of items. Select the button to access each item in turn.","ariaButtonLabel":"Select this button to access the next item in the stacklist."},"_flippableCard":{"ariaRegion":"Interactive Cards with two faces. Front Face contains an image the back-face additional content. Click the more mottun to view extra content.","ariaLabel":"Show more content"}},"_extensions":{"_languagePicker":{"navigationBarLabel":"Select course language"},"_pageLevelProgress":{"pageLevelProgress":"Page sections","pageLevelProgressIndicatorBar":"Progress bar. Select here to view your current progress, and select an item to navigate to it. You have completed ","pageLevelProgressMenuBar":"You have completed ","pageLevelProgressEnd":"You have reached the end of the list of page sections.","optionalContent":"Optional Content"},"_resources":{"resourcesEnd":"You have reached the end of the list of resources."},"_trickle":{"incompleteContent":"There is incomplete content above. You must complete this before you can proceed through the course."},"_exportFeedback":{"navigationBarLabel":"Select course language"}},"_menu":{"_boxmenu":{"ariaRegion":"Menu","durationLabel":"Duration:","menuItem":"Menu item.","menuEnd":"You have reached the end of the menu."}},"_learnerInfo":{"id":"student.name@example.org","name":"Name, Student","firstname":"Student","lastname":"Name"},"_accessibility":{"accessibilityToggleTextOn":"Turn accessibility on?","accessibilityToggleTextOff":"Turn accessibility off?","skipNavigationText":"Skip navigation","_accessibilityInstructions":{"touch":"Usage instructions. Use swipe left for next. Use swipe right for previous. Use a double tap to select. Use a two finger slide up to go to the top of the page.","notouch":"Usage instructions. Use tab for next. Use shift tab for previous. Use enter to select. Use escape to go to the top of the page.","ipad":"Usage instructions for touchscreens. Use swipe left for next. Use swipe right for previous. Use a double tap to select. Use a two finger slide up to go to the top of the page. Usage instructions for keyboard access. Use left for next. Use right for previous. Use up and down together to select."},"_ariaLabels":{"navigation":"Course navigation bar","skipNavigation":"Skip Navigation","menuLoaded":"Menu Loaded.","menu":"Menu","page":"Page","pageLoaded":"Page Loaded.","pageEnd":"You have reached the end of the page.","previous":"Back","navigationBack":"Navigate back","navigationDrawer":"Open course resources.","close":"Close","closeDrawer":"Close Drawer","closeResources":"Close resources","drawer":"Top of side drawer","closePopup":"Close popup","next":"Next","done":"Done","complete":"Completed","incomplete":"Incomplete","incorrect":"Incorrect","correct":"Correct","locked":"Locked","accessibilityToggleButton":"By selecting this button you can set whether accessibility is turned on or off","feedbackPopUp":"Popup opened.","menuBack":"Back to menu","visited":"Visited"}}},"_id":"course","_type":"course","title":"Facilitation BRONZE","displayTitle":"<img src='course/en/images/logos.png'><br><br><h1>Facilitation BRONZE</h1>","body":"Welcome to your unique and exclusive role as a Coty Trainer (Wella, Nioxin, Sebastian, System Professional, Lifestyle, Sassoon, GHD, OPI). You will discover that the role is both challenging and rewarding. You are expected to be a true ambassador of the brand that you represent. <br><br>Managing expectations and a career is an important part of working in Coty. As a Coty Trainer you are expected to incorporate all the skills necessary to succeed in the organisation.<br><br>One of the steps towards achieving this success is to acquire the Facilitation BRONZE certification, which aims to equip you with knowledge about facilitation tools, techniques and learning strategies. <br><br><i>Select the <a href='course/en/images/curriculum_map.html' target='_blank' class='course-map-link' style='text-decoration-color:#f2ac92;'><span style='color:#f2ac92; font-style:italic; font-weight:bold;'>Learning Map</span></a> to view the module details.</i> ","_buttons":{"_submit":{"buttonText":"Submit","ariaLabel":"<i>Select View to explore each chapter.</i>"},"_reset":{"buttonText":"Reset","ariaLabel":"Reset the question by clicking here."},"_showCorrectAnswer":{"buttonText":"Correct answer","ariaLabel":"Show the correct answer by clicking here."},"_hideCorrectAnswer":{"buttonText":"My answer","ariaLabel":"Show the answer you gave by clicking here."},"_showFeedback":{"buttonText":"Show feedback","ariaLabel":"View the question feedback again by clicking here."},"remainingAttemptsText":"attempts remaining","remainingAttemptText":"final attempt","disabledAriaLabel":"This button is disabled at the moment."},"_feedback":{"title":"","body":""},"_latestTrackingId":136,"_pageLevelProgress":{"_isEnabled":true,"_showPageCompletion":false,"_altText":"of components completed on this page."},"_resources":{"_isEnabled":true,"title":"Resources","description":"View resources for this course by clicking here.","_filterButtons":{"all":"All","document":"Document","media":"Media","link":"Link"},"_filterAria":{"allAria":"View all resources","documentAria":"View document resources","mediaAria":"View media resources","linkAria":"View resource links"},"itemAriaExternal":"This content will open in a new window","_resourcesItems":[{"_type":"document","title":"Your Task Sheet","description":"","_link":"course/en/document/Your_Task_Sheet.docx"},{"_type":"document","title":"Job Aid - VAK Model","description":"","_link":"course/en/document/Job_Aid_VAK_Model.pdf"},{"_type":"document","title":"Job Aid - Learning Style Modality","description":"","_link":"course/en/document/Job_Aid_Learning_Style_Modality.pdf"},{"_type":"document","title":"Job Aid - Types of Icebreakers","description":"","_link":"course/en/document/Job_Aid_Icebreakers.pdf"},{"_type":"document","title":"Job Aid - Types of Sense Checking Techniques","description":"","_link":"course/en/document/Job_Aid_Sense_Checking.pdf"},{"_type":"document","title":"VAK Self-Quiz – Know Your Learning Style","description":"","_link":"course/en/document/VAK-Self-Quiz-Know-Your-Learning-Style.pdf"}]},"_assessment":{"_postTotalScoreToLms":true,"_isPercentageBased":true,"_scoreToPass":75},"_bookmarking":{"_isEnabled":true,"_level":"component","title":"Bookmarking","body":"Would you like to continue where you left off?","_buttons":{"yes":"Yes","no":"No"}},"_lockType":"sequential","_nevigateBack":{"_isEnabled":true},"_pinchZoomer":{"_isEnabled":true},"_certificate":{"_certificateWidth":595,"_certificateHeight":842,"_coursePositionHeight":430,"_namePositionHeight":505,"_datePositionHeight":575,"_xPosition":297,"_certificateFilePath":"certificate.png"}}